{"cameraMode":{"drawMode":0,"name":"Shaded","section":"Shading Mode"},"sceneLighting":true,"audioPlay":false,"sceneViewState":{"showFog":true,"showMaterialUpdate":false,"showSkybox":true,"showFlares":true,"showImageEffects":true,"showParticleSystems":true},"in2DMode":false,"pivot":{"x":8.086999893188477,"y":-9.28345012664795,"z":-10.445175170898438},"rotation":{"x":0.0875772014260292,"y":0.911733090877533,"z":-0.2644535303115845,"w":0.30193978548049929},"size":25.481884002685548,"orthographic":false}